director_name,actor_1_name
James Cameron,CCH Pounder
Gore Verbinski,Johnny Depp
Sam Mendes,Christoph Waltz
Christopher Nolan,Tom Hardy
Gore Verbinski,Johnny Depp
Andrew Stanton,Daryl Sabara
Nathan Greno,Brad Garrett
Sam Raimi,J.K. Simmons
Sam Raimi,J.K. Simmons
Joss Whedon,Chris Hemsworth
Anthony Russo,Robert Downey Jr.
Zack Snyder,Henry Cavill
Peter Jackson,Aidan Turner
David Yates,Alan Rickman
Peter Jackson,Aidan Turner
Peter Jackson,Aidan Turner
Rob Marshall,Johnny Depp
Bryan Singer,Kevin Spacey
Marc Forster,Giancarlo Giannini
Zack Snyder,Henry Cavill
Andrew Adamson,Peter Dinklage
Marc Webb,Emma Stone
Colin Trevorrow,Bryce Dallas Howard
Michael Bay,Glenn Morshower
Michael Bay,Bingbing Li
Ridley Scott,Mark Addy
Peter Berg,Liam Neeson
James Cameron,Leonardo DiCaprio
Lee Unkrich,Tom Hanks
Shane Black,Robert Downey Jr.
Sam Raimi,J.K. Simmons
Sam Mendes,Albert Finney
Sam Mendes,Albert Finney
Dan Scanlon,Steve Buscemi
Sam Raimi,Tim Holmes
Sam Raimi,Tim Holmes
Bryan Singer,Jennifer Lawrence
Marc Webb,Emma Stone
John Lasseter,Joe Mantegna
Joseph Kosinski,Jeff Bridges
Joseph Kosinski,Jeff Bridges
Roland Emmerich,Oliver Platt
McG,Christian Bale
Martin Campbell,Ryan Reynolds
Mike Newell,Jake Gyllenhaal
Michael Bay,Glenn Morshower
Bryan Singer,Eddie Marsan
James Wan,Jason Statham
J.J. Abrams,Benedict Cumberbatch
Marc Forster,Peter Capaldi
Robert Zemeckis,Robin Wright
Guillermo del Toro,Charlie Hunnam
Peter Sohn,A.J. Buckley
Jon Favreau,Robert Downey Jr.
Christopher Nolan,Christian Bale
Steven Spielberg,Harrison Ford
Mark Andrews,Kelly Macdonald
Justin Lin,Sofia Boutella
Andrew Stanton,John Ratzenberger
Martin Scorsese,Chloë Grace Moretz
Lana Wachowski,Channing Tatum
Bryan Singer,Jennifer Lawrence
Doug Liman,Tom Cruise
Pete Docter,Amy Poehler
Pete Docter,John Ratzenberger
Rob Letterman,Amy Poehler
Stephen Sommers,Joseph Gordon-Levitt
Barry Sonnenfeld,Will Smith
Rob Cohen,Jet Li
Tom Shadyac,Jimmy Bennett
Carl Rinsch,Keanu Reeves
James Gunn,Bradley Cooper
Jon Favreau,Robert Downey Jr.
Anthony Russo,Scarlett Johansson
Matt Reeves,Gary Oldman
Robert Zemeckis,Tom Hanks
Rupert Sanders,Chris Hemsworth
Jonathan Mostow,Nick Stahl
James Bobin,Johnny Depp
Mike Mitchell,Jon Hamm
Don Hall,Damon Wayans Jr.
Dean DeBlois,Gerard Butler
Rich Moore,Jack McBrayer
Christopher Nolan,Matthew McConaughey
Roland Emmerich,Vivica A. Fox
Chris Miller,Justin Timberlake
Francis Lawrence,Jennifer Lawrence
Matthew Vaughn,Jennifer Lawrence
David Fincher,Brad Pitt
Jon Turteltaub,Nicolas Cage
Wolfgang Petersen,Jimmy Bennett
Duncan Jones,Dominic Cooper
Michael Apted,Bruce Spence
Alan Taylor,J.K. Simmons
Oliver Stone,Anthony Hopkins
Michael Bay,Jennifer Garner
Chris Buck,Josh Gad
David Yates,Robert Pattinson
Mike Newell,Robert Pattinson
Lana Wachowski,Steve Bastoni
Francis Lawrence,Will Smith
Peter Berg,Will Smith
Brad Bird,Janeane Garofalo
Alan Taylor,Chris Hemsworth
Christopher Nolan,Christian Bale
Christopher McQuarrie,Tom Cruise
Kenneth Branagh,Chris Hemsworth
Eric Darnell,Bernie Mac
Gavin Hood,Hugh Jackman
Shawn Levy,Robin Williams
Jennifer Yuh Nelson,Angelina Jolie Pitt
George Miller,Tom Hardy
Lana Wachowski,Essie Davis
J.J. Abrams,Philip Seymour Hoffman
Ron Howard,Tom Hanks
M. Night Shyamalan,Seychelle Gabriel
Steve Hickner,Matthew Broderick
Hoyt Yeatman,Kelli Garner
Robert Zemeckis,Robin Wright
Tim Burton,Johnny Depp
Roland Emmerich,Channing Tatum
Joe Johnston,Anthony Hopkins
Simon Wells,Elisabeth Harnois
David Bowers,Hugh Jackman
Eric Darnell,Jada Pinkett Smith
Brad Bird,Tom Cruise
Dean DeBlois,Gerard Butler
Rob Minkoff,Ty Burrell
Peter Ramsey,Hugh Jackman
Breck Eisner,Matthew McConaughey
Lee Tamahori,Toby Stephens
J.J. Abrams,Chris Hemsworth
Michael Bay,Bruce Willis
Joe Johnston,Chris Evans
Alessandro Carloni,J.K. Simmons
Jon M. Chu,Channing Tatum
Edward Zwick,Tom Cruise
Dean Parisot,John Michael Higgins
Ridley Scott,Christian Bale
Ridley Scott,Christian Bale
Steven Spielberg,Mark Rylance
Alex Proyas,Gerard Butler
Sam Raimi,J.K. Simmons
Zack Snyder,Matt Frewer
Rob Cohen,Sam Shepard
Louis Leterrier,Ty Burrell
Ang Lee,Kevin Rankin
Hironobu Sakaguchi,Steve Buscemi
Kirk De Micco,Ryan Reynolds
Alejandro G. Iñárritu,Leonardo DiCaprio
Michael Apted,Colin Salmon
Gore Verbinski,Johnny Depp
Peter Weir,James D'Arcy
David Soren,Ryan Reynolds
Dave Green,Stephen Amell
George Miller,Robin Williams
Steven Spielberg,Tom Cruise
Eric Darnell,Benedict Cumberbatch
Francis Lawrence,Jennifer Lawrence
Alfonso Cuarón,Daniel Radcliffe
Paul Greengrass,Matt Damon
Mark Osborne,Angelina Jolie Pitt
Peyton Reed,Judy Greer
Chris Miller,Salma Hayek
Tom McGrath,J.K. Simmons
Michael Bay,Will Smith
Carlos Saldanha,Miguel Ferrer
Phillip Noyce,Angelina Jolie Pitt
M. Night Shyamalan,Will Smith
Baz Luhrmann,Essie Davis
Robert Schwentke,Ryan Reynolds
Eric Leighton,Alfre Woodard
Shawn Levy,Robin Williams
Francis Lawrence,Jennifer Lawrence
Chris Columbus,Daniel Radcliffe
Gore Verbinski,Johnny Depp
Ron Howard,Tom Hanks
Justin Lin,Paul Walker
Guy Ritchie,Robert Downey Jr.
Roland Emmerich,Jake Gyllenhaal
Ridley Scott,Michael Fassbender
Tony Gilroy,Jeremy Renner
Joel Schumacher,Michael Gough
John McTiernan,Tony Curran
Ron Howard,Clint Howard
Wolfgang Petersen,Karen Allen
Tim Story,Chris Evans
Ang Lee,Suraj Sharma
Mark Steven Johnson,Nicolas Cage
Paul Greengrass,Matt Damon
McG,Demi Moore
Neill Blomkamp,Matt Damon
Joseph Kosinski,Morgan Freeman
Rob Minkoff,Nathan Lane
David Twohy,Vin Diesel
Lana Wachowski,Scott Porter
James L. Brooks,Shelley Conn
James Mangold,Tom Cruise
George Lucas,Natalie Portman
George Lucas,Natalie Portman
George Lucas,Natalie Portman
Pete Docter,Steve Buscemi
James Mangold,Hugh Jackman
Roger Donaldson,Jamie Renée Smith
Cedric Nicolas-Troyan,Chris Hemsworth
John Woo,Nicolas Cage
Rob Letterman,James Corden
Alfonso Cuarón,Phaldut Sharma
Doug Liman,Brad Pitt
Brad Peyton,Dwayne Johnson
Raja Gosnell,Mahadeo Shivraj
Len Wiseman,Bruce Willis
Steven Soderbergh,Brad Pitt
Roger Spottiswoode,Vincent Schiavelli
Roland Emmerich,Heath Ledger
Noam Murro,Eva Green
Martin Scorsese,Leonardo DiCaprio
Michel Gondry,Christoph Waltz
Shawn Levy,Hugh Jackman
Raja Gosnell,Jacob Tremblay
Tony Scott,Denzel Washington
Gavin Hood,Harrison Ford
Will Finn,Steve Buscemi
Jan de Bont,Jason Patric
Peter Jackson,Christopher Lee
Bo Welch,Sean Hayes
Michael Mann,Will Smith
Ridley Scott,Matt Damon
Alex Proyas,Will Smith
Rob Minkoff,Chazz Palminteri
Ron Clements,Oprah Winfrey
Peter Chelsom,Del Zamora
Dominic Sena,Nicolas Cage
Ridley Scott,Djimon Hounsou
Michael Mann,Johnny Depp
Steven Spielberg,Tom Cruise
Tom Tykwer,Tom Hanks
Chris Columbus,Daniel Radcliffe
Jon Turteltaub,Nicolas Cage
Quentin Tarantino,Leonardo DiCaprio
Paul Weitz,Robert De Niro
Ridley Scott,Denzel Washington
Phil Lord,Will Forte
Adam McKay,Dwayne Johnson
Martin Scorsese,Leonardo DiCaprio
Chris Wedge,Josh Hutcherson
Chuck Russell,Vanessa Williams
Mark Dindal,Eartha Kitt
Simon West,Jason Statham
Spike Jonze,Catherine O'Hara
Stefen Fangmeier,Djimon Hounsou
Peter Hyams,CCH Pounder
Frank Oz,Jon Lovitz
Ash Brannon,Jeff Bridges
Zack Snyder,Abbie Cornish
Paul Verhoeven,Jake Busey
Brad Silberling,Will Ferrell
Pitof,Frances Conroy
Patrick Hughes,Jason Statham
Ron Clements,Joseph Gordon-Levitt
Paul Greengrass,Matt Damon
Wally Pfister,Johnny Depp
Lawrence Guterman,Jamie Kennedy
David Mamet,Ben Gazzara
Ron Underwood,Rosario Dawson
Steve Martino,Francesca Capaldi
Stephen Sommers,Dwayne Johnson
Martin Scorsese,Leonardo DiCaprio
Steve Martino,Peter Dinklage
Ridley Scott,Ioan Gruffudd
Chris Columbus,Logan Lerman
Tony Scott,Denzel Washington
Luc Besson,Milla Jovovich
Bibo Bergeron,Frank Welker
Peter Jackson,Michael Imperioli
Peter Jackson,Michael Imperioli
Sergey Bodrov,Jeff Bridges
Andrew Stanton,Alexander Gould
Peter Jackson,Orlando Bloom
Peter Jackson,Christopher Lee
Simon West,Angelina Jolie Pitt
Joe Johnston,Michael Jeter
Rupert Wyatt,James Franco
Mark Waters,Martin Short
Brad Bird,Holly Hunter
John Moore,Bruce Willis
Ben Stiller,Adam Scott
Barry Sonnenfeld,Will Smith
John Lasseter,Tom Hanks
Brett Ratner,Mei Melançon
Guy Ritchie,Robert Downey Jr.
Carlos Saldanha,Denis Leary
Robert Zemeckis,Harrison Ford
Carlos Saldanha,Anne Hathaway
Martin Scorsese,Leonardo DiCaprio
McG,Bill Murray
Tony Bancroft,Ming-Na Wen
Ben Stiller,Robert Downey Jr.
David Fincher,Robin Wright
Robert Zemeckis,Matthew McConaughey
Dennis Dugan,Adam Sandler
Walt Becker,Bella Thorne
Gary Trousdale,Leonard Nimoy
Bryan Singer,Tom Cruise
Chris Columbus,Peter Dinklage
Steven Spielberg,Haley Joel Osment
Rob Minkoff,Marsha Thomason
Paul Verhoeven,Greg Grunberg
Sydney Pollack,Curtiss Cook
Thor Freudenthal,Logan Lerman
Jan de Bont,Gerard Butler
Jon M. Chu,Daniel Radcliffe
Tony Scott,Brad Pitt
Phillip Noyce,Alun Armstrong
Brian De Palma,Don Cheadle
Chris Columbus,Robin Williams
Mick Jackson,Don Cheadle
Alan J. Pakula,Harrison Ford
Kathryn Bigelow,Liam Neeson
Paul W.S. Anderson,Milla Jovovich
Andrey Konchalovskiy,Shirley Henderson
Ron Howard,Paddy Considine
Gary Ross,Jeff Bridges
Robert Zemeckis,Tom Hanks
Steven Soderbergh,Brad Pitt
Paul Greengrass,Matt Damon
Wolfgang Petersen,Harrison Ford
Neil Burger,Kate Winslet
Genndy Tartakovsky,Steve Buscemi
Kevin Lima,Jeff Bennett
Daniel Espinosa,Denzel Washington
Steven Soderbergh,Al Pacino
Nancy Meyers,Meryl Streep
Tony Scott,Will Smith
Roger Allers,Jon Favreau
Brett Ratner,Matthew Broderick
Kevin Lima,Ioan Gruffudd
Tarsem Singh,Julia Roberts
Justin Lin,Amber Stevens West
Jean-Jacques Annaud,Bob Hoskins
Peter Berg,Dwayne Johnson
Sarah Smith,Jim Broadbent
Brad Peyton,Jack McBrayer
Martin Brest,Anthony Hopkins
Andrew Davis,Raymond Cruz
Edgar Wright,Anna Kendrick
Jon Amiel,Glenn Morshower
Raja Gosnell,Sarah Michelle Gellar
Peter Segal,Larry Miller
Dean Parisot,Bruce Willis
Frank Coraci,Adam Sandler
Gary Winick,Steve Buscemi
Doug Liman,Kristen Stewart
Guillermo del Toro,Seth MacFarlane
Peter Segal,Adam Sandler
Sylvester Stallone,Jason Statham
Roger Spottiswoode,Robert Duvall
Tom Shadyac,Morgan Freeman
Gary Ross,Jennifer Lawrence
Todd Phillips,Bradley Cooper
Genndy Tartakovsky,Steve Buscemi
Tim Johnson,Bruce Willis
Dean DeBlois,Tia Carrere
Mimi Leder,Morgan Freeman
Dennis Dugan,Steve Buscemi
Mike Mitchell,Amy Poehler
Peter Segal,Bill Murray
Chris Wedge,Jim Broadbent
Martin Scorsese,Leonardo DiCaprio
Nancy Meyers,Keanu Reeves
Seth Gordon,Jon Favreau
Adam Shankman,Adam Sandler
Sam Mendes,Tom Hanks
Dennis Dugan,Adam Sandler
D.J. Caruso,Rosario Dawson
Simon West,Steve Buscemi
Eric Brevig,Justin Timberlake
Anthony Minghella,Philip Seymour Hoffman
Albert Hughes,Denzel Washington
Les Mayfield,Robin Williams
Joe Pytka,Bill Murray
David Ayer,Brad Pitt
Shawn Levy,Roger Rees
Frank Coraci,Rosario Dawson
Richard Donner,Julia Roberts
Ivan Reitman,Harrison Ford
Kelly Asbury,Matt Damon
Dominic Sena,Hugh Jackman
Stephen Hopkins,Gary Oldman
Jonathan Demme,Denzel Washington
James Algar,Quincy Jones
Simon Wells,Mark Addy
Vincent Ward,Robin Williams
Ron Underwood,Charlize Theron
Martin Campbell,Michael Emerson
Steven Brill,Adam Sandler
Terry Gilliam,Matt Damon
Tim Burton,Natalie Portman
Barry Cook,Charlie Rowe
Roger Donaldson,Bruce Greenwood
Rob Cohen,Sylvester Stallone
Breck Eisner,Vin Diesel
Paul W.S. Anderson,Sasha Roiz
Joe Dante,Brendan Fraser
Rob Marshall,Fergie
Richard Donner,Paul Walker
Jacques Perrin,Pedro Armendáriz Jr.
George Miller,Adam Goldberg
Kevin Costner,Olivia Williams
Antony Hoffman,Bob Neill
Oliver Hirschbiegel,Roger Rees
Peter Hyams,David Oyelowo
Brad Peyton,Josh Hutcherson
Dennis Dugan,Al Pacino
Ron Howard,Adam Goldberg
Cody Cameron,Will Forte
Brett Ratner,Philip Seymour Hoffman
Joe Johnston,J.K. Simmons
Stephen Norrington,Jason Flemyng
Renny Harlin,James D'Arcy
Mark Osborne,Jeff Bridges
Pierre Coffin,Steve Carell
Des McAnuff,Robert De Niro
Yarrow Cheney,Steve Coogan
Roland Emmerich,Will Smith
Steven Spielberg,Ariana Richards
Eric Darnell,Jada Pinkett Smith
Dennis Dugan,Steve Buscemi
Bibo Bergeron,Robert De Niro
Bryan Singer,Hugh Jackman
Timur Bekmambetov,Angelina Jolie Pitt
Peter Segal,Adam Sandler
Adam Shankman,Jerry Stiller
Louis Leterrier,Morgan Freeman
Bill Condon,Loretta Devine
David Kellogg,Matthew Broderick
Tarsem Singh,Henry Cavill
Steven Spielberg,Tom Hanks
Gil Kenan,Steve Buscemi
Thor Freudenthal,Don Cheadle
Martin Campbell,Nicholas Lea
Mike Nichols,Philip Seymour Hoffman
F. Gary Gray,Dwayne Johnson
Steven Spielberg,Ayelet Zurer
Robert Luketic,Tom Selleck
Guy Ritchie,Henry Cavill
Antoine Fuqua,Bruce Willis
M. Night Shyamalan,Bryce Dallas Howard
James L. Brooks,Adam Sandler
Barry Levinson,Bruce Willis
Andy Tennant,Bai Ling
Zack Snyder,Jon Hamm
Florent-Emilio Siri,Jimmy Bennett
Ron Shelton,Harrison Ford
Don Bluth,Matt Damon
John Moore,Dennis Quaid
Paul W.S. Anderson,Connie Nielsen
Henry Selick,Brendan Fraser
Kyle Balda,Steve Carell
Paul Tibbitt,Tim Conway
M. Night Shyamalan,Robin Wright
Adam McKay,Will Ferrell
Clay Kaytis,Peter Dinklage
Brian De Palma,Nicolas Cage
Barry Levinson,Peter Coyote
David Silverman,Albert Brooks
Andy Tennant,Matthew McConaughey
Judd Apatow,Adam Sandler
Peter Berg,Jennifer Garner
Sam Mendes,Jake Gyllenhaal
Renny Harlin,Sylvester Stallone
Frank Darabont,Martin Landau
Jean-Jacques Annaud,David Gant
M. Night Shyamalan,Bryce Dallas Howard
M. Night Shyamalan,Rory Culkin
Andrew Adamson,Rupert Everett
Betty Thomas,Amy Poehler
Garry Marshall,Julia Roberts
Rob Cohen,Vin Diesel
Ron Howard,Lili Taylor
Clark Johnson,Jeremy Renner
Cameron Crowe,Tom Cruise
Antoine Fuqua,Gerard Butler
Jonathan Liebesman,Noel Fisher
Paul W.S. Anderson,Sanaa Lathan
Steven Spielberg,Jeremy Irvine
Randall Wallace,Jon Hamm
George Clooney,Bill Murray
Jonathan Frakes,LeVar Burton
Tim Burton,Steve Buscemi
Måns Mårlind,Theo James
Gary Shore,Dominic Cooper
Oliver Stone,Frank Langella
Ron Howard,Channing Tatum
Edward Zwick,Denzel Washington
Matthew Vaughn,Henry Cavill
Adam Shankman,James Martin Kelly
Jean-Jacques Annaud,Brad Pitt
Kerry Conran,Angelina Jolie Pitt
Joel Schumacher,Anthony Hopkins
Andrzej Bartkowiak,Dwayne Johnson
Craig Gillespie,Michael Raymond-James
Mikael Håfström,Sylvester Stallone
Gary McKendry,Jason Statham
Mikael Salomon,Morgan Freeman
Gregory Hoblit,Bruce Willis
John McTiernan,LL Cool J
Renny Harlin,Roxanne McKee
Wych Kaosayananda,Talisa Soto
Bobby Farrelly,Ron Howard
Will Finn,Lea Michele
Michael Mann,Chris Hemsworth
Pierre Coffin,Steve Carell
Jay Roach,Steve Carell
David Slade,Robert Pattinson
Phil Alden Robinson,Morgan Freeman
Seth MacFarlane,Liam Neeson
Bobby Farrelly,Jenna Fischer
Lawrence Kasdan,Morgan Freeman
Kinka Usher,Janeane Garofalo
Michael Mann,Al Pacino
Ridley Scott,Leonardo DiCaprio
Timur Bekmambetov,Rufus Sewell
Doug Lefler,Colin Firth
Jon Amiel,Will Patton
Scott Waugh,Rami Malek
Steven Spielberg,Tom Hanks
Nancy Meyers,Judy Greer
Steven Spielberg,Joseph Gordon-Levitt
Chris Wedge,Goran Visnjic
Lana Wachowski,Keanu Reeves
Michael Lembeck,Judge Reinhold
Nora Ephron,Tom Hanks
Angelina Jolie Pitt,Finn Wittrock
Angelina Jolie Pitt,Finn Wittrock
Todd Phillips,Robert Downey Jr.
Adam McKay,Will Ferrell
Martin Campbell,Anthony Hopkins
Clint Eastwood,Clint Eastwood
Will Gluck,Quvenzhané Wallis
Jon Turteltaub,Bruce Willis
Mike Newell,Julia Roberts
Larry Charles,Sayed Badreya
Stanley Kubrick,Tom Cruise
McG,Tom Hardy
Glenn Ficarra,Will Smith
David S. Goyer,Ryan Reynolds
Baltasar Kormákur,Michael Kelly
Paul W.S. Anderson,Milla Jovovich
Mike Nichols,Maura Tierney
David Fincher,Brad Pitt
Paul W.S. Anderson,Jason Statham
Renny Harlin,Melina Kanakaredes
Taylor Hackford,Pamela Reed
Rob Bowman,Jennifer Garner
David Bowers,Nicolas Cage
Frank Miller,Joseph Gordon-Levitt
Nora Ephron,Michael Rapaport
Roman Polanski,Ian McNeice
Keenen Ivory Wayans,Chazz Palminteri
Sydney Pollack,Harrison Ford
Tom Tykwer,Michael Smiley
Jay Roach,Verne Troyer
Tim Hill,Gary Cole
Jonathan Mostow,Matthew McConaughey
Marco Schnabel,Justin Timberlake
Demian Lichtenstein,Jon Lovitz
David Fincher,Patrick Fugit
Josh Gordon,Will Ferrell
Wes Ball,Ki Hong Lee
Baltasar Kormákur,Denzel Washington
Jay Roach,Robert De Niro
Phil Lord,Morgan Freeman
Walt Becker,Jill Hennessy
David Frankel,Eric Dane
Frank Darabont,Tom Hanks
Mark Dindal,Catherine O'Hara
Peter Weir,Natascha McElhone
Doug Liman,Matt Damon
Peter Billingsley,Jon Favreau
F. Gary Gray,Jason Statham
Steve Carr,Anjelica Huston
Simon West,Daniel von Bargen
Brenda Chapman,Martin Short
Michael Mann,Tom Cruise
Lawrence Guterman,Carol Ann Susi
Marc Lawrence,Dorian Missick
Eric Darnell,Sylvester Stallone
Chuck Russell,Dwayne Johnson
Todd Phillips,Snoop Dogg
Adam Shankman,Taylor Lautner
Ryan Murphy,James Franco
Tony Scott,Denzel Washington
Oliver Stone,Al Pacino
Robert Redford,Scarlett Johansson
Henry Selick,Jennifer Saunders
Jay Russell,Billy Burke
Renny Harlin,LL Cool J
David McNally,Estella Warren
M. Night Shyamalan,Zooey Deschanel
Babak Najafi,Gerard Butler
Brian Robbins,Robert Downey Jr.
Brian Levant,Jim Belushi
Steven Zaillian,Robert Duvall
David O. Russell,Jennifer Lawrence
Michael Caton-Jones,J.K. Simmons
John Woo,Ivana Milicevic
Sam Fell,Emma Watson
Kevin Donovan,Romany Malco
Kenneth Branagh,Colm Feore
John Pasquin,Eileen Brennan
Jean-Pierre Jeunet,Gary Dourdan
Antoine Fuqua,Tate Donovan
Griffin Dunne,Goran Visnjic
Ruben Fleischer,Ryan Gosling
Harold Ramis,Olivia Wilde
Martin Campbell,Bojana Novakovic
Stuart Baird,Tom Hardy
Rob Bowman,Christian Bale
Jorge Blanco,Dwayne Johnson
Tony Gilroy,Julia Roberts
Jon Avnet,Robert De Niro
Clint Eastwood,Matt Damon
Kevin Macdonald,Robin Wright
Donald Petrie,Steven Anthony Lawrence
Clark Johnson,Blair Brown
Robert Lorenz,Clint Eastwood
Joel Coen,Cedric the Entertainer
Peter Hyams,John Kapelos
Harold Becker,Bruce Willis
Harold Becker,Bruce Willis
Cameron Crowe,Philip Seymour Hoffman
Harold Ramis,Robert De Niro
Joe Wright,Robert Downey Jr.
Harald Zwart,Aidan Turner
Robert Redford,Matt Damon
Tom Shadyac,Joe Morton
Scott Stewart,Josh Wingate
Lee Tamahori,Sunny Mabrey
Paul W.S. Anderson,Sean Pertwee
Patrick Gilmore,Brad Pitt
Walter Salles,Dougray Scott
Brian De Palma,Scarlett Johansson
Ron Howard,Matthew McConaughey
Frank Miller,Scarlett Johansson
Rod Lurie,Clifton Collins Jr.
Iain Softley,Brendan Fraser
Walter Hill,Robert Forster
Tony Bill,James Franco
Akiva Goldsman,Matt Bomer
Stephen Herek,Kelly Preston
Brian Robbins,Marc Blucas
John Dahl,James Franco
David Koepp,Johnny Depp
Uwe Boll,Jason Statham
Martin Campbell,Angelina Jolie Pitt
Tim Miller,Ryan Reynolds
Clint Eastwood,Bradley Cooper
Rob Letterman,Odeya Rush
Rob Letterman,Odeya Rush
Anthony Hemingway,David Oyelowo
Mark Waters,Jon Heder
Shawn Levy,Josh Gad
Brian Levant,Taylor Negron
George Clooney,Robert Baker
Marc Lawrence,Michael Kelly
Paul W.S. Anderson,Milla Jovovich
Sean Anders,Adam Sandler
Taylor Hackford,Keanu Reeves
Mark Neveldine,Nicolas Cage
Brett Ratner,Salma Hayek
John Madden,Christian Bale
Adam Shankman,Vin Diesel
Tim Hill,Jesse McCartney
Andy Tennant,Will Smith
Gabriele Muccino,Will Smith
Tom Shadyac,Jada Pinkett Smith
Paul Greengrass,Tom Hanks
Sam Weisman,Brendan Fraser
Jesse Dylan,Alyson Hannigan
Antoine Fuqua,Denzel Washington
Shawn Levy,Mila Kunis
Wayne Wang,Bob Hoskins
Robert Schwentke,Erika Christensen
Brad Silberling,Nicolas Cage
Paul King,Julie Walters
Quentin Tarantino,David Carradine
Mark Waters,Madeline Carroll
Frank Oz,Robert Downey Jr.
Quentin Tarantino,Vivica A. Fox
Tom Dey,Xander Berkeley
Jimmy Hayward,Amy Poehler
Rob Minkoff,Jet Li
Joel Schumacher,Gerard Butler
James Bobin,Ty Burrell
Alan Parker,Andrea Corr
John Frankenheimer,Robert De Niro
Steve Antin,Eric Dane
Stephen Hopkins,Tom Wilkinson
Clint Eastwood,Angelina Jolie Pitt
Akiva Schaffer,Will Forte
Akiva Schaffer,Will Forte
William Friedkin,Connie Nielsen
Jon Turteltaub,Anthony Hopkins
Bobby Farrelly,Matt Damon
Kent Alterman,Will Ferrell
Andrew Davis,Keanu Reeves
Tony Scott,Robert De Niro
Shekhar Kapur,Eddie Redmayne
Karey Kirkpatrick,Stephen Root
Ron Maxwell,Billy Campbell
Robert Butler,Hector Elizondo
Walter Hill,Sylvester Stallone
Steven Zaillian,Kate Winslet
Jonathan Frakes,Sophia Myles
Jean-Pierre Jeunet,Denis Lavant
Jim Gillespie,Sylvester Stallone
Anthony Russo,Todd Stashwick
Gabriele Muccino,Will Smith
Cameron Crowe,Orlando Bloom
Martin Brest,Todd Giebenhain
John Singleton,Christian Bale
Jay Chandrasekhar,Alice Greczyn
F. Gary Gray,Gerard Butler
Don Bluth,Kirsten Dunst
Baz Luhrmann,Jim Broadbent
Harold Becker,Steve Buscemi
Clint Eastwood,Paul Walker
Robert Rodriguez,Quentin Tarantino
Jonathan Demme,Oprah Winfrey
Kathryn Bigelow,Jennifer Ehle
Steven Spielberg,Leonardo DiCaprio
Phyllida Lloyd,Colin Firth
Peyton Reed,Jon Favreau
Garry Marshall,Bradley Cooper
David Dobkin,Ryan Reynolds
Terrence Malick,Nick Stahl
Pierre Morel,Kasia Smutniak
Paul Hunter,Jaime King
Bobby Farrelly,Robert Forster
John Whitesell,Matthew Broderick
George Nolfi,Matt Damon
Chris Weitz,Robert Pattinson
Andrew Adamson,Kathleen Freeman
Seth MacFarlane,Mila Kunis
Phil Lord,Channing Tatum
Cameron Crowe,Tom Cruise
Sean Anders,Will Ferrell
James L. Brooks,Lupe Ontiveros
Tom Shadyac,Robin Williams
Rob Marshall,Johnny Depp
Adam McKay,Harrison Ford
J.J. Abrams,Joel Courtney
Steven Brill,Steve Buscemi
Rawson Marshall Thurber,Dwayne Johnson
Steven Soderbergh,Julia Roberts
Donald Petrie,Matthew McConaughey
Peyton Reed,Bradley Cooper
Jaume Collet-Serra,Liam Neeson
Chris Columbus,Julia Roberts
Tom Dey,Bradley Cooper
Spike Lee,Denzel Washington
Glenn Ficarra,Ryan Gosling
Brian Helgeland,Bill Duke
Alex Proyas,Nicolas Cage
Hideo Nakata,Naomi Watts
Cameron Crowe,Scarlett Johansson
Bennett Miller,Philip Seymour Hoffman
Peter Hewitt,Bill Murray
Joe Roth,Jamie Lee Curtis
James McTeigue,Natalie Portman
Andy Fickman,Dwayne Johnson
Angela Robinson,Scoot McNairy
David Dobkin,Fann Wong
Matthew O'Callaghan,Will Ferrell
Jon Hurwitz,Alyson Hannigan
Tommy Wirkola,Jeremy Renner
D.J. Caruso,Alex Pettyfer
Gary Fleder,Oliver Platt
Adrian Lyne,Olivier Martinez
Alexander Witt,Milla Jovovich
Jorge R. Gutiérrez,Channing Tatum
Clint Eastwood,Clint Eastwood
Richard Loncraine,Jimmy Bennett
David Fincher,Deborah Kara Unger
Ridley Scott,Viggo Mortensen
Steven Quale,Matt Walsh
David Dobkin,Robert Downey Jr.
Christophe Gans,Radha Mitchell
Howard Deutch,Keanu Reeves
F. Gary Gray,Kevin Spacey
Mimi Leder,Armin Mueller-Stahl
Carl Franklin,Denzel Washington
Beeban Kidron,Colin Firth
Danny Boyle,Leonardo DiCaprio
Robert Rodriguez,Taylor Lautner
James McTeigue,Shô Kosugi
Garry Marshall,Amber Valletta
Sam Raimi,J.K. Simmons
Tom Dey,Emma Stone
Andrew Bergman,Demi Moore
Clint Eastwood,Matt Damon
Barbet Schroeder,Ryan Gosling
Barbet Schroeder,Ryan Gosling
Ben Stiller,Milla Jovovich
Peter Webber,Li Gong
Rob Reiner,Bruce Willis
John McTiernan,Connie Nielsen
Jaume Collet-Serra,Liam Neeson
Clint Eastwood,Clint Eastwood
Tom Tykwer,Naomi Watts
John Carpenter,Steve Buscemi
Wes Anderson,Bill Murray
David Gordon Green,Natalie Portman
Jim Sheridan,Naomi Watts
Mark Neveldine,Gerard Butler
Alan Parker,Kevin Spacey
Richard LaGravenese,Alden Ehrenreich
John Stockwell,Paul Walker
David Cronenberg,Viggo Mortensen
Luc Besson,Paul Brooke
Doug Liman,Naomi Watts
Patrick Lussier,Nicolas Cage
Costa-Gavras,Mia Kirshner
Tony Scott,Ian Ziering
Andrzej Bartkowiak,Chris Klein
Danny DeVito,Robin Williams
George Armitage,Morgan Freeman
Mike Nichols,Judy Greer
Daniel Espinosa,Tom Hardy
James Wong,Jason Statham
Neill Blomkamp,Hugh Jackman
Joe Wright,Kelly Macdonald
Steven Soderbergh,Michael O'Neill
David Fincher,Kristen Stewart
Olivier Megaton,Liam Neeson
John McTiernan,Mark Margolis
Phillip Noyce,Denzel Washington
David O. Russell,Judy Greer
Jerry Zucker,Corinna Harney
James Mangold,Christian Bale
Iain Softley,Kevin Spacey
James Mangold,Hugh Jackman
Harold Ramis,Brendan Fraser
Steven Soderbergh,Don Cheadle
Brad Furman,Joseph Gilgun
Ben Stiller,Matthew Broderick
Deepa Mehta,Nandita Das
Penny Marshall,Rosie Perez
Jimmy Hayward,Michael Fassbender
Stephen Frears,Julia Roberts
P.J. Hogan,Julia Roberts
Joe Roth,Julia Roberts
Jonathan Frakes,LeVar Burton
Christopher Nolan,Al Pacino
Edward Zwick,Denzel Washington
Tom Shadyac,Maura Tierney
John Lasseter,Kevin Spacey
Olivier Megaton,Liam Neeson
David Zucker,Regina Hall
Donald Petrie,Candice Bergen
Eric Brevig,Josh Hutcherson
Garry Marshall,Anne Hathaway
Rob Reiner,Morgan Freeman
James Bobin,Bill Cobbs
Robert Luketic,Adam Scott
Antoine Fuqua,Denzel Washington
Dean Parisot,Alan Rickman
Keenen Ivory Wayans,Natasha Lyonne
Thomas Carter,Channing Tatum
Andy Tennant,Gerard Butler
Roger Michell,Sydney Pollack
Luis Llosa,Frank Welker
Len Wiseman,Sophia Myles
David McNally,Adam Garcia
Richard Curtis,Colin Firth
Ron Shelton,Don Johnson
Jesse Dylan,Josh Hutcherson
Garth Jennings,Zooey Deschanel
Russell Mulcahy,Milla Jovovich
Joel Zwick,Dania Ramirez
Oliver Stone,Demián Bichir
Frank Coraci,Bella Thorne
Wayne Wang,LL Cool J
Richard Donner,Bruce Willis
David R. Ellis,Richard Burgi
John A. Davis,Nicolas Cage
Peter Howitt,Kevin McNally
John Schultz,Malese Jow
Julie Taymor,Jim Sturgess
Julie Taymor,Jim Sturgess
Sam Mendes,Leonardo DiCaprio
Mathieu Kassovitz,Vin Diesel
John Gray,Alexa PenaVega
Harold Ramis,John de Lancie
Sean Penn,Costas Mandylor
Roman Polanski,Jim Belushi
Billy Bob Thornton,Matt Damon
Danny Pang,Nicolas Cage
Pete Travis,Wood Harris
Pete Travis,Wood Harris
Stephen Sommers,Djimon Hounsou
Oliver Parker,Daniel Kaluuya
Spike Lee,Joseph Gordon-Levitt
Barry Sonnenfeld,Zooey Deschanel
Mike Newell,Marcela Mar
George P. Cosmatos,Sam Waterston
Ben Affleck,Clea DuVall
Barry Levinson,Robert De Niro
Burr Steers,Augustus Prew
Evan Goldberg,James Franco
Paul Feig,Michael Rapaport
Gus Van Sant,F. Murray Abraham
Betty Thomas,Steve Buscemi
Roger Kumble,Judith Chapman
Simon West,Jason Statham
Phil Lord,Channing Tatum
Roger Michell,Julia Roberts
Peter Lord,Imelda Staunton
John Hamburg,Philip Seymour Hoffman
Frank Coraci,Salma Hayek
Carl Franklin,Morgan Freeman
Barbra Streisand,Jeff Bridges
Catherine Hardwicke,Gary Oldman
Mark Pellington,Debra Messing
John Herzfeld,Robert De Niro
Andrew Niccol,Nicolas Cage
Asger Leth,Robert Clohessy
Sngmoo Lee,Tony Cox
Jean-Pierre Jeunet,Omar Sy
Curtis Hanson,Mekhi Phifer
Brian Helgeland,Heath Ledger
Gordon Chan,Julian Sands
David Frankel,Joel McHale
M. Night Shyamalan,Bruce Willis
Sam Taylor-Johnson,Jennifer Ehle
Anne Fletcher,Ryan Reynolds
David O. Russell,Jennifer Lawrence
Shawn Levy,Tom Welling
Luc Besson,Scarlett Johansson
Peter Berg,Jerry Ferrara
Bruce Beresford,Bruce Greenwood
Robert Rodriguez,Sylvester Stallone
Joel Schumacher,Kevin Spacey
Brian Helgeland,Harrison Ford
Nora Ephron,Meryl Streep
Ken Kwapis,Carmen Perez
Tim Story,Olivia Munn
David Zucker,Beau Mirchoff
Etan Cohen,Will Ferrell
Wes Craven,Kelly Rutherford
Bobby Farrelly,Bill Murray
Nick Cassavetes,Don Johnson
Frank Marshall,Paul Walker
Anthony Minghella,Philip Seymour Hoffman
Nancy Meyers,Robert De Niro
Taylor Hackford,Bokeem Woodbine
Steven Spielberg,Tom Hanks
Pete Travis,Dennis Quaid
John Hamburg,J.K. Simmons
Bobby Farrelly,Jason Alexander
John Whitesell,Chloë Grace Moretz
Gore Verbinski,J.K. Simmons
David R. Ellis,Krista Allen
Burr Steers,Matthew Perry
Nicholas Stoller,Pink
Mathieu Kassovitz,Robert Downey Jr.
John Moore,Joaquim de Almeida
Brad Furman,Matthew McConaughey
Peter Chelsom,Lisa Ann Walter
Cal Brunker,Brendan Fraser
Joe Dante,Kirsten Dunst
Mark A.Z. Dippé,Michael Jai White
Sean Anders,Kevin Spacey
Kevin Reynolds,Henry Cavill
Christopher Nolan,Christian Bale
Alejandro Agresti,Keanu Reeves
Nimród Antal,Topher Grace
Peter Hedges,Jennifer Garner
Marc Lawrence,Brad Garrett
David Koepp,Johnny Depp
Iain Softley,Gena Rowlands
Clint Eastwood,Johnny Cannizzaro
Paul Weiland,Busy Philipps
Francis Ford Coppola,Matt Damon
Steven Spielberg,Anthony Hopkins
Seth MacFarlane,Liam Neeson
Steven Quale,Emma Bell
Bobby Farrelly,Jimmy Fallon
Colin Strause,Sam Trammell
Jake Kasdan,James Wilcox
Wes Craven,Alison Brie
Joan Chen,J.K. Simmons
Greg Mottola,Bobby Lee
Anne Fletcher,Miriam Margolyes
Olivier Megaton,Jordi Mollà
Joel Schumacher,Nicolas Cage
Kelly Makin,Jeanne Tripplehorn
Mimi Leder,Kevin Spacey
Steven Brill,Lisa Ann Walter
Stephen Daldry,Tom Hanks
Roger Michell,Noah Bean
Jim Sheridan,50 Cent
Christian Duguay,Michael Biehn
Peter Segal,Robert De Niro
Chuck Russell,Rufus Sewell
Sam Weisman,Oliver Hudson
John Frankenheimer,Marlon Brando
Peter Hyams,Catherine Deneuve
Justin Chadwick,Natalie Portman
Pat O'Connor,Keanu Reeves
Michael Caton-Jones,Robert De Niro
Irwin Winkler,Mira Sorvino
Joseph Kahn,Dane Cook
Wes Anderson,Bill Murray
Ken Kwapis,Ted Danson
J.A. Bayona,Naomi Watts
Brian Robbins,John Gatins
Sofia Coppola,Kirsten Dunst
Stephen Kay,Sylvester Stallone
Stephen Herek,Angelina Jolie Pitt
Paul Weitz,Josh Hutcherson
Dennie Gordon,Mary-Kate Olsen
Ulu Grosbard,Alexa PenaVega
Charles Shyer,Omar Epps
William Malone,Natascha McElhone
Malcolm D. Lee,Bernie Mac
Pierre Morel,Ray Winstone
Mic Rodgers,Michael Jai White
Christian Alvart,Norman Reedus
Danny DeVito,Justin Theroux
S.S. Rajamouli,Tamannaah Bhatia
Gary Fleder,Gary Dourdan
Paul McGuigan,Daniel Radcliffe
Paul McGuigan,Daniel Radcliffe
Paul McGuigan,Daniel Radcliffe
Christian Duguay,Rufus Sewell
Jean-Marie Poiré,Bridgette Wilson-Sampras
Joon-ho Bong,Chris Evans
Danny Boyle,Chris Evans
Marc F. Adler,Eric Idle
Richard Shepard,James Brolin
Geoffrey Sax,Alex Pettyfer
John Woo,Takeshi Kaneshiro
Jeff Nathanson,Matthew Broderick
Peter Ho-Sun Chan,Jet Li
Robert Schwentke,Arliss Howard
Michael Lehmann,Colin Ferguson
Tim Burton,Martin Landau
Joss Whedon,Adam Baldwin
Charles S. Dutton,Omar Epps
Andy Tennant,Ethan Embry
Robert Luketic,Gerard Butler
Robert Rodriguez,Steve Buscemi
Andy Fickman,D.B. Woodside
Thomas Vinterberg,Thomas Bo Larsen
Francis Lawrence,Robert Pattinson
Norman Jewison,Denzel Washington
David Twohy,Vin Diesel
David Mirkin,Sarah Silverman
Michael Apted,Bill Cobbs
J Blakeson,Chloë Grace Moretz
Ron Howard,Chris Hemsworth
Luis Mandoki,Sonia Braga
John Pasquin,Jim Belushi
Roman Polanski,Johnny Depp
Michael Apted,J.K. Simmons
Stephen Herek,Beth Grant
Ridley Scott,Jeff Bridges
Gil Kenan,Bill Murray
Jeb Stuart,Gregory Scott Cummins
Steve Miner,Tom Skerritt
Kirk Jones,Anna Kendrick
Paul Thomas Anderson,Mike Howard
Gary Fleder,Dennis Quaid
Rawson Marshall Thurber,Laura-Leigh
Ryan Coogler,Sylvester Stallone
Ben Affleck,Jeremy Renner
Ethan Coen,J.K. Simmons
Jennifer Flackett,Gerard Butler
Christian Ditter,Alison Brie
Kevin Smith,Bruce Willis
Mikael Håfström,Anthony Hopkins
Kirk De Micco,Cheryl Hines
Paul Thomas Anderson,Patton Oswalt
Cameron Crowe,Emma Stone
Cameron Crowe,Emma Stone
Nick Cassavetes,Denzel Washington
Les Mayfield,Peter Greene
Steve Pink,Charlie McDermott
Jonathan Mostow,Kathleen Quinlan
Charles Martin Smith,Morgan Freeman
F. Gary Gray,Vin Diesel
John Frankenheimer,Charlize Theron
Scott Hicks,Rick Yune
Rob Reiner,Alexa PenaVega
Andrew Niccol,Blair Underwood
Andrew Bergman,Stockard Channing
Wilson Yip,Mike Tyson
Roland Joffé,Jordi Mollà
Chris Rock,Bernie Mac
Jay Roach,Muse Watson
Ethan Coen,Matt Damon
Seth Gordon,Jon Favreau
David Frankel,Meryl Streep
Seth Gordon,Kevin Spacey
Robert Rodriguez,Alexa PenaVega
Judd Apatow,Amy Schumer
John Lee Hancock,Tom Hanks
Robert Luketic,Kevin Spacey
Tom Vaughan,Treat Williams
Anthony Minghella,Colin Firth
Kevin Rodney Sullivan,Bernie Mac
Judd Apatow,Charlyne Yi
Curtis Hanson,Kevin Spacey
Mike Mitchell,Michael Angarano
Frank Oz,Tom Selleck
Tarsem Singh,Dylan Baker
Dennis Dugan,Jon Lovitz
Randall Wallace,Scott Glenn
Randall Wallace,Leonardo DiCaprio
Will Gluck,Mila Kunis
Nicholas Stoller,Chloë Grace Moretz
Michael Tollin,Alfre Woodard
Walt Becker,Robin Williams
Patrick Tatopoulos,Craig Parker
Gary David Goldberg,Stockard Channing
Ken Kwapis,Robin Williams
Mike Newell,Johnny Depp
John Moore,Mila Kunis
Paul W.S. Anderson,Milla Jovovich
Ethan Coen,J.K. Simmons
Luke Greenfield,Ashley Williams
Catherine Hardwicke,Keisha Castle-Hughes
Andrew Niccol,Matt Bomer
Alan Poul,Danneel Ackles
Clint Eastwood,Leonardo DiCaprio
Anne Fletcher,Jim Gaffigan
Peter Landesman,Will Smith
Mike Nichols,Natalie Portman
Gil Junger,Tom Wilkinson
Roman Polanski,Emilia Fox
Albert Hughes,Johnny Depp
Albert Hughes,Johnny Depp
Alexandre Aja,Jason Flemyng
Michael Rymer,Aaliyah
Susanna White,Daniel Mays
Gregory Hoblit,Billy Burke
John Singleton,Ken Arnold
Craig Mazin,Drake Bell
Hugh Wilson,Brendan Fraser
Rob Cohen,Cicely Tyson
Kevin Smith,Stephen Root
Clint Eastwood,Kevin Spacey
Tommy O'Haver,Anne Hathaway
David Koepp,Joseph Gordon-Levitt
Allen Hughes,Alona Tal
Gary Chapman,Jim Broadbent
Curtis Hanson,Robert Downey Jr.
Jake Kasdan,Tim Meadows
Shekhar Kapur,Djimon Hounsou
Roger Kumble,Brendan Fraser
Terrence Malick,Brad Pitt
Les Mayfield,Gregory Smith
Lasse Hallström,Kevin Spacey
Jean-Marc Vallée,Michiel Huisman
David Ayer,Mireille Enos
David Ayer,Mireille Enos
Hark Tsui,Paul Sorvino
Dominic Sena,Tom Skerritt
Ken Scott,Tom Wilkinson
Darren Aronofsky,Hugh Jackman
Robert Zemeckis,Joseph Gordon-Levitt
Justin Chadwick,Terry Pheto
Lexi Alexander,Julie Benz
Ridley Scott,Archie Panjabi
Brian De Palma,Peter Coyote
Ronny Yu,Marley Shelton
Bille August,Jim Broadbent
Gabriele Muccino,Gerard Butler
Ang Lee,Jeremy W. Auman
Simon West,Nicolas Cage
Chris Gorak,Max Minghella
Wes Ball,Ki Hong Lee
George Tillman Jr.,Tiago Riani
Hugh Johnson,David Paymer
Rand Ravich,Johnny Depp
Rand Ravich,Johnny Depp
Hugh Hudson,Liam Aiken
Jeremy Degruson,Kyle Hebert
Raja Gosnell,Nia Long
Andrzej Bartkowiak,Michael Jai White
Scott Speer,Ryan Guzman
Jonathan Hensleigh,Laura Harring
Boaz Yakin,Jason Statham
Neil Marshall,Ryan Kruger
Mike Newell,Angelina Jolie Pitt
Danny Cannon,Sean Pertwee
Jean-Pierre Jeunet,Callum Rennie
Stephen Daldry,Kate Winslet
Justin Zackham,Robin Williams
David Wain,Justin Theroux
Jon Favreau,Peter Dinklage
Jon Turteltaub,Robert Duvall
Evan Goldberg,Channing Tatum
Brian Levant,James Coburn
Jared Hess,Ana de la Reguera
John Luessenhop,Paul Walker
Duncan Jones,Jake Gyllenhaal
Rupert Wainwright,Nia Long
George Tillman Jr.,Robert De Niro
John Whitesell,Brandon T. Jackson
Joel Schumacher,Logan Lerman
John Gatins,Ken Howard
David Cronenberg,Viggo Mortensen
Don Scardino,Steve Buscemi
Peter Howitt,Frances Fisher
Nanette Burstein,Rob Riggle
Martin Scorsese,Nicolas Cage
Miguel Sapochnik,Alice Braga
Norman Jewison,Haley Joel Osment
Mark Dindal,George Kennedy
Tim Robbins,Bill Murray
Steven Soderbergh,Tony Curran
Ariel Vromen,Gary Oldman
Robert Zemeckis,Denzel Washington
Wes Anderson,Bill Murray
John Francis Daley,Chris Hemsworth
Gregory Hoblit,Dennis Quaid
Scott Hicks,Anthony Hopkins
Tom Vaughan,Harrison Ford
Rob Marshall,Colm Feore
Dennis Dugan,Steve Buscemi
J.B. Rogers,Alyson Hannigan
Michael Sucsy,Channing Tatum
Lee Daniels,Alex Pettyfer
Boaz Yakin,Ryan Gosling
Neill Blomkamp,Sharlto Copley
Rawson Marshall Thurber,Gary Cole
Rawson Marshall Thurber,Gary Cole
Garry Marshall,Anne Hathaway
Harold Ramis,Robert De Niro
Hugh Wilson,Stockard Channing
Clint Eastwood,Clint Eastwood
Clint Eastwood,John Doman
Stephen Hillenburg,Scarlett Johansson
Jason Reitman,J.K. Simmons
Nick Cassavetes,Ryan Gosling
Peter Chelsom,Emily Osment
Anne Fletcher,Judy Greer
Stig Bergqvist,Elizabeth Daily
John Singleton,Josh Charles
Rian Johnson,Joseph Gordon-Levitt
Jonathan Levine,Cory Hardrict
Alexander Payne,Hope Davis
Peter Lepeniotis,Liam Neeson
Chris Weitz,Chazz Palminteri
David Frankel,Meryl Streep
Nicholas Stoller,Mila Kunis
Michael McCullers,Tina Fey
Forest Whitaker,Bill Cobbs
Gary Winick,Anne Hathaway
Steven Brill,Antony Starr
Gary Winick,Jennifer Garner
Woody Allen,Kurt Fuller
Steve Box,Mark Gatiss
Richard LaGravenese,Gerard Butler
Tim Burton,Johnny Depp
Gary Winick,Vanessa Redgrave
Ted Demme,Johnny Depp
Luis Mandoki,Robin Wright
Antoine Fuqua,Jake Gyllenhaal
John Schultz,Brenda Song
Joe Wright,Benedict Cumberbatch
Frederik Du Chau,Bruce Greenwood
Denis Villeneuve,Edgar Arreola
Bobby Farrelly,Kate Upton
James Gartner,Mehcad Brooks
Lee Toland Krieger,Harrison Ford
Jon M. Chu,Alyson Stoner
Sam Raimi,Bojana Novakovic
Drew Goddard,Chris Hemsworth
Tim McCanlies,Haley Joel Osment
Marc Forster,Will Ferrell
John Stockwell,Faizon Love
David Slade,Danny Huston
Phil Joanou,Dwayne Johnson
Jason Friedberg,Carmen Electra
John R. Leonetti,Brian Thompson
Tom Hanks,Tom Hanks
Liz Friedlander,Alfre Woodard
Edward Zwick,Jake Gyllenhaal
Angelo Pizzo,Donny Boaz
Sam Weisman,Bernie Mac
Shane Acker,Martin Landau
Scott Derrickson,Olivia Munn
Tate Taylor,Tika Sumpter
Nicholas Stoller,Alison Brie
Martha Coolidge,Devin Ratray
Stephen J. Anderson,Craig Ferguson
Warren Beatty,Warren Beatty
Troy Miller,Elden Henson
Carl Franklin,Meryl Streep
Alister Grierson,Ioan Gruffudd
Ivan Reitman,Rainn Wilson
Charles Stone III,Bernie Mac
Paul Haggis,Olivia Wilde
Nick Hurran,Holly Hunter
Jean-François Richet,Brian Dennehy
Brad Furman,Justin Timberlake
Antoine Fuqua,Mira Sorvino
Kurt Wimmer,Milla Jovovich
Niki Caro,Jeremy Renner
Ellory Elkayem,Scarlett Johansson
Kevin Hooks,Salma Hayek
Vincenzo Natali,Sarah Polley
Jon Avnet,Al Pacino
Howard Deutch,Bruce Willis
Gavin O'Connor,Jennifer Ehle
Bruce Hunt,Eddie Cibrian
Nick Hamm,Robert De Niro
Rob Reiner,David Paymer
Paul McGuigan,Jessica Paré
Paul McGuigan,Jessica Paré
Terrence Malick,Christian Bale
Jee-woon Kim,Zach Gilford
Neil Jordan,Robert Downey Jr.
Chris Roberts,Saffron Burrows
Peter Howitt,Tyler Labine
Niels Arden Oplev,Dominic Cooper
Mike Disa,Amy Poehler
James Wong,Ian Whyte
Lasse Hallström,Morgan Freeman
Terry Gilliam,Andrew Garfield
Richard J. Lewis,Mark Addy
Andrew Dominik,Brad Pitt
Michael Radford,Al Pacino
Neil Jordan,Emir Kusturica
Steve Boyum,Channing Tatum
Chris Noonan,Emily Watson
Marc Forster,Gerard Butler
Corey Yuen,Steve Howey
Frédéric Auburtin,Fisher Stevens
Elizabeth Banks,Anna Kendrick
James Mangold,Sandra Ellis Lafferty
Ben Falcone,Peter Dinklage
Robert Rodriguez,Johnny Depp
Edward Norton,Lisa Edelstein
Peter Hewitt,Jim Broadbent
Don Mancini,Jason Flemyng
Reginald Hudlin,Matthew Perry
George Clooney,Dick Clark
Ang Lee,Imelda Staunton
Lawrence Kasdan,Zooey Deschanel
John Maybury,Jennifer Jason Leigh
F. Gary Gray,Aldis Hodge
Igor Kovalyov,Elizabeth Daily
Lee Tamahori,Morgan Freeman
Lasse Hallström,David Lyons
Adam McKay,Ryan Gosling
David Wain,Joe Lo Truglio
Miguel Arteta,Bella Thorne
Gavin O'Connor,Eddie Cahill
Jon Turteltaub,Robert De Niro
Adam Shankman,Matthew McConaughey
Wes Anderson,Bill Murray
James Mangold,Clea DuVall
Peter Chelsom,Lilli Lavine
Matthew Vaughn,Elizabeth McGovern
Scott Hicks,Zoë Kravitz
Joe Wright,Talulah Riley
Ruben Fleischer,Bianca Kajlich
Patrick Lussier,Gerard Butler
McG,Connie Nielsen
Jeff Wadlow,Chloë Grace Moretz
James Gray,Robert Duvall
Scott Frank,Liam Neeson
Brian Levant,Madeline Carroll
Camille Delamarre,Paul Walker
Donald Petrie,Samaire Armstrong
Janusz Kaminski,Philip Baker Hall
Jacques Perrin,Jacques Perrin
Burr Steers,Matt Smith
Jay Roach,Scott Grimes
John Carpenter,Jason Statham
Michael Ritchie,Mara Wilson
David Gordon Green,Dominic Flores
Martin Scorsese,Tenzin Thuthob Tsarong
Robert B. Weide,James Corden
Judd Apatow,Harold Ramis
Nick Cassavetes,Jason Patric
Malcolm D. Lee,Mo'Nique
Todd Graff,Dolly Parton
Gavin Hood,J.K. Simmons
Roland Emmerich,Vanessa Redgrave
Callie Khouri,Ellen Burstyn
Gary Fleder,Morgan Freeman
Sanaa Hamri,America Ferrera
Jodie Foster,Julia Roberts
Chris Weitz,Sharon Small
Robert Rodriguez,Alexa PenaVega
Steve Miner,Oliver Platt
Paul McGuigan,Bruce Willis
Paul McGuigan,Bruce Willis
Alex Proyas,Rufus Sewell
Saul Dibb,Dominic Cooper
Christian Alvart,Bradley Cooper
Richard Linklater,Matthew McConaughey
E. Elias Merhige,Harry Lennix
Menno Meyjes,Oliver Platt
Ronny Yu,Meat Loaf
Renny Harlin,LL Cool J
Barry Levinson,Robert De Niro
Norman Jewison,Charlotte Rampling
Steve Carr,Erick Avari
Mark Waters,Jamie Lee Curtis
Judd Apatow,Steve Carell
John Madden,Tom Wilkinson
David Gordon Green,James Franco
Andy Tennant,Anjelica Huston
Kevin Costner,Robert Duvall
Wes Craven,Robert Pine
Garry Marshall,Robert De Niro
Michael Bay,Dwayne Johnson
David R. Ellis,Sarah Carter
Joel Coen,Holly Hunter
Paul Weitz,Scarlett Johansson
Scott Stewart,Dennis Quaid
Jonathan Frakes,Michael Biehn
Michael Hoffman,Luke Bracey
Kevin Allen,Daniel Roebuck
Michael Cristofer,Angelina Jolie Pitt
James McTeigue,Pam Ferris
Donald Petrie,Rip Torn
Woody Allen,Woody Allen
Bill Condon,Benedict Cumberbatch
Bob Rafelson,Harold Perrineau
Fernando Meirelles,Archie Panjabi
Oliver Stone,Toby Jones
Mel Gibson,Christo Jivkov
Clint Eastwood,Clint Eastwood
Tim Story,Bruce McGill
Charles Herman-Wurmfeld,Mary Lynn Rajskub
Raja Gosnell,Sarah Michelle Gellar
Adam McKay,Darcy Donavan
Ronny Yu,Katharine Isabelle
Gabor Csupo,Josh Hutcherson
John A. Davis,Martin Short
Matt Reeves,Mike Vogel
Lasse Hallström,Channing Tatum
Andy Fickman,Bailee Madison
Ethan Coen,Kelly Macdonald
Sharon Maguire,Colin Firth
Lasse Hallström,Lena Olin
Ivan Reitman,Natalie Portman
Baltasar Kormákur,J.K. Simmons
Scott Hicks,Blythe Danner
Andrzej Bartkowiak,Jet Li
James Wong,Chelan Simmons
Tyler Perry,Alicia Witt
Marc Forster,Johnny Depp
Joe Carnahan,Liam Neeson
John Polson,Robert De Niro
Fred Wolf,Emma Stone
Harald Zwart,Daniel Roebuck
Kirk Jones,Colin Firth
Phillip Noyce,Jeff Bridges
Steve Oedekerk,Kelly Preston
Stephen Daldry,Meryl Streep
Brett Ratner,Heather Locklear
Paul Thomas Anderson,Jim Meskimen
Cathy Malkasian,Alfre Woodard
John Eng,Elizabeth Daily
Ken Kwapis,Mike Vogel
Malcolm D. Lee,Dave Chappelle
Chris Nahon,Jet Li
Craig Gillespie,Jon Hamm
Bille Woodruff,Alfre Woodard
Dennie Gordon,Colin Firth
Victor Salva,Nicki Aycox
Mark Helfrich,Dane Cook
Andrzej Bartkowiak,Jet Li
Andy Fickman,Channing Tatum
Steve Bendelack,Lily Atkinson
Ronny Yu,Alexis Arquette
Kirsten Sheridan,Robin Williams
Dwight H. Little,Nicholas Gonzalez
David Gordon Green,Ari Graynor
Shekhar Kapur,Fanny Ardant
Ivan Reitman,Jennifer Garner
Damien Dante Wayans,Damon Wayans Jr.
Simon Wincer,Jere Burns
Bobby Farrelly,Bill Murray
Tim Fywell,Connie Ray
Troy Nixey,Bailee Madison
Sylvain White,Chris Evans
Nigel Cole,Aimee Garcia
Spike Lee,Denzel Washington
Lee Tamahori,Anthony Hopkins
David R. Ellis,Chris Zylka
Paul Thomas Anderson,Adam Sandler
Jeff Schaffer,Matt Damon
Carter Smith,Laura Ramsey
Ridley Scott,Michael Fassbender
Don Michael Paul,Claudia Christian
Brian Helgeland,Tom Hardy
Steve Barron,Martin Landau
Bill Paxton,Stephen Dillane
Richard Kelly,Frank Langella
John Schlesinger,Mark Valley
Wes Craven,Frank Grillo
Wes Craven,Frank Grillo
Luke Greenfield,Chris Marquette
Ringo Lam,Natasha Henstridge
Bruce McCulloch,Martin Starr
Bruce McCulloch,Martin Starr
Akiva Schaffer,Sissy Spacek
Alan Parker,Emily Watson
Andrew Adamson,Dallas Barnett
Patricia Riggen,Marco Treviño
Robert Redford,Robin Wright
Catherine Hardwicke,Heath Ledger
Neil Jordan,Alan Rickman
Kimberly Peirce,Joseph Gordon-Levitt
Stephen Gaghan,Charlie Hunnam
Rod Lurie,Alexander Skarsgård
Jonathan Kaplan,John Doe
John Hillcoat,Viggo Mortensen
Lasse Hallström,Hope Davis
Marcos Siega,Cheech Marin
J.B. Rogers,Eddie Cibrian
Roger Donaldson,Anthony Hopkins
Jeffrey W. Byrd,Donald Faison
Fernando Meirelles,Don McKellar
Roman Polanski,Kate Winslet
Uwe Boll,Meat Loaf
Werner Herzog,Nicolas Cage
Gavin O'Connor,Natalie Portman
Richard Linklater,Zoe Kazan
Atom Egoyan,Colin Firth
Robert Towne,Billy Burke
Walter Salles,Kristen Stewart
Taylor Hackford,Scout Taylor-Compton
Wes Craven,Omar Epps
Todd Phillips,Will Ferrell
Tim Story,Romany Malco
Jonathan Lynn,Bruce Willis
Danny Cannon,Muse Watson
Bonnie Hunt,Minnie Driver
Grant Heslov,Kevin Spacey
Kevin Smith,Gerry Bednob
George Gallo,Daniel Roebuck
James Mangold,Angelina Jolie Pitt
Neil LaBute,Morgan Freeman
Alexandre Aja,Adam Scott
George Tillman Jr.,Dwayne Johnson
Robert Luketic,Topher Grace
Tim Hill,Josh Charles
Brian Robbins,Oliver Platt
Douglas McGrath,Olivia Munn
Ron Shelton,Willie Garson
Steve Boyum,Paul Walker
Mary McGuckian,Robert De Niro
Ruben Fleischer,Emma Stone
Frank Coraci,Adam Sandler
James Wong,Daniel Roebuck
George Clooney,Ryan Gosling
David Twohy,Vin Diesel
Tony Goldwyn,Hugh Jackman
Spike Jonze,Scarlett Johansson
John Dahl,Paul Walker
Steven Soderbergh,Channing Tatum
Wayne Wang,Natalie Portman
Mira Nair,Romola Garai
Dexter Fletcher,Hugh Jackman
Dexter Fletcher,Hugh Jackman
Michael Dinner,Seymour Cassel
Jerry Zaks,Leonardo DiCaprio
Andy Cadiff,Annabella Sciorra
Andy Cadiff,Annabella Sciorra
Fred Durst,Tasha Smith
Neil Jordan,Stephen Rea
Paul Haggis,James Franco
Anne Fontaine,Alessandro Nivola
Mikael Håfström,Drew Powell
Russell Crowe,Cem Yilmaz
Bobby Farrelly,Sarah Silverman
Andy Fickman,Dwayne Johnson
John Lee Hancock,Dennis Quaid
Christopher Spencer,Roma Downey
Luke Greenfield,Louis Lombardi
Lasse Hallström,Manish Dayal
Len Wiseman,Sophia Myles
David Bowers,Zachary Gordon
Jessie Nelson,Dianne Wiest
Mikael Håfström,Denis O'Hare
Steven Soderbergh,Matt Damon
Ken Scott,Jack Reynor
Ethan Coen,Scarlett Johansson
Kevin Smith,Will Ferrell
Mike Bigelow,Carlos Ponce
Callie Khouri,Stephen Root
Gary Fleder,Jason Statham
Dennis Dugan,Amanda Detmer
Spike Lee,Mira Sorvino
Daniel Sackheim,Chris Noth
Camille Delamarre,Ed Skrein
Harry Elfont,Rosario Dawson
Uli Edel,Richard E. Grant
David O. Russell,Naomi Watts
Scott Cooper,Christian Bale
Hugh Wilson,Brendan Fraser
Brian Trenchard-Smith,Michael Biehn
Laurence Dunmore,Johnny Depp
Rowan Joffe,Colin Firth
John Curran,Robert De Niro
Christian Carion,Gary Lewis
Tony Gilroy,Tom Wilkinson
Mark Pellington,Jeff Bridges
Woody Allen,Ornella Muti
David O. Russell,Jennifer Lawrence
Trey Parker,Minnie Driver
Brian Robbins,Keanu Reeves
Tyler Perry,Omari Hardwick
Jeff Wadlow,Djimon Hounsou
Tomas Alfredson,Benedict Cumberbatch
Katt Shea,Jason London
Joshua Michael Stern,Madeline Carroll
Sam Mendes,Catherine O'Hara
Brad Silberling,Jake Gyllenhaal
Jodie Foster,Jennifer Lawrence
James Wan,Mackenzie Foy
Adam Shankman,Angus T. Jones
Jeff Tremaine,Bam Margera
Raja Gosnell,Jamie Lee Curtis
Ben Falcone,Gary Cole
Brian Levant,Nia Long
Alexander Payne,Shailene Woodley
Richard Linklater,Miranda Cosgrove
D.J. Caruso,Sarah Roemer
D.J. Caruso,Sarah Roemer
Keenen Ivory Wayans,Busy Philipps
Andrew Davis,Tim Blake Nelson
Tyler Perry,John Amos
Julie Anne Robinson,Kelly Preston
Tyler Perry,Michael Jai White
Steve McQueen,Quvenzhané Wallis
Charles Stone III,Leonard Roberts
Thea Sharrock,Sam Claflin
Jon Lucas,Mila Kunis
Jon Lucas,Mila Kunis
Ava DuVernay,David Oyelowo
Aaron Seltzer,Alyson Hannigan
Robin Budd,Roger Rees
Steve Trenbirth,Haley Joel Osment
Mennan Yapo,Nia Long
Stephen Kay,Barry Watson
Jun Falkenstein,Kath Soucie
Tom McCarthy,Billy Crudup
Boaz Yakin,Jay Hernandez
Jaume Collet-Serra,Jimmy Bennett
Jason Friedberg,David Carradine
Neil LaBute,Jay Hernandez
Takashi Shimizu,Sarah Michelle Gellar
Kevin Rodney Sullivan,Richard Lawson
Barry Levinson,Robin Williams
Kevin Reynolds,Peter Firth
Jason Friedberg,Diedrich Bader
Anton Corbijn,Violante Placido
Gregory Nava,Jon Seda
Todd Strauss-Schulson,Patton Oswalt
Michel Gondry,Kate Winslet
John Luessenhop,Gunnar Hansen
Alejandro G. Iñárritu,Brad Pitt
Shawn Levy,Tina Fey
John Patrick Shanley,Philip Seymour Hoffman
Trey Parker,Jeremy Shada
Jim Field Smith,Mike Vogel
Gus Van Sant,James Franco
John Madden,Tom Wilkinson
Steve Beck,Isaiah Washington
Michael Spierig,Jay Laga'aia
Roger Donaldson,Jason Statham
Nelson McCormick,Sela Ward
Henry Joost,Samira Wiley
Stephen Frears,Drake Bell
Jessica Bendinger,Jeff Bridges
Eric Valette,Johnny Lewis
John Schlesinger,Joe Mantegna
David Ayer,Keanu Reeves
Edgar Wright,Michael Smiley
Robert Rodriguez,Quentin Tarantino
Andy Fickman,Jamie Lee Curtis
Andrew Fleming,Kay Panabaker
Anthony Bell,Kevin Sussman
Shana Feste,Alex Pettyfer
Renny Harlin,Laura Ramsey
Thomas Bezucha,Leighton Meester
Robert Rodriguez,Jimmy Bennett
Ed Harris,Viggo Mortensen
Billy Ray,Julia Roberts
Mike Binder,Adam Sandler
Howard Deutch,Dane Cook
Garry Marshall,Hector Elizondo
Sean Penn,Kristen Stewart
Mark Steven Johnson,Oliver Platt
Frank Nissen,Kath Soucie
Todd Phillips,Jon Heder
Michael J. Bassett,Radha Mitchell
Stephen Chow,Shengyi Huang
Peter Hastings,Haley Joel Osment
Alejandro G. Iñárritu,Naomi Watts
Nimród Antal,Andrew Fiscella
Marc Forster,Mustafa Haidari
Paul Abascal,Cole Hauser
Chris Koch,Thomas Lennon
Amy Heckerling,Andy Dick
Michael Moore,Ronald Reagan
James Mather,Joseph Gilgun
Jason Friedberg,Carmen Electra
Mark Mylod,Chris Evans
Jon Amiel,Bill Murray
Mark Neveldine,Jason Statham
John Wells,Bradley Cooper
Barry Levinson,Amy Poehler
Michael O. Sajbel,James Callis
David Koepp,Aasif Mandvi
Phillip Noyce,Brendan Fraser
John Hillcoat,Kate Winslet
Gore Verbinski,Nicolas Cage
Walter Hill,Fisher Stevens
Renny Harlin,Taylor Cole
Matt Reeves,Chloë Grace Moretz
Michel Gondry,Quinton Aaron
Woody Allen,Woody Allen
Damon Santostefano,Matthew Perry
Woody Allen,Natasha Lyonne
James Wan,Aisha Tyler
Kirk Jones,Robert De Niro
Bob Clark,Scott Baio
Benson Lee,Chris Brown
Les Mayfield,Miguel Ferrer
Paul Thomas Anderson,Martin Dew
Michael Lembeck,Debbie Reynolds
Robert Rodriguez,Alexa PenaVega
Dave Borthwick,Jimmy Fallon
David Zucker,Chriss Anglin
Glen Morgan,Laura Harring
Fred Wolf,Kevin Alejandro
Alejandro Monteverde,Tom Wilkinson
Mike Leigh,Jim Broadbent
Michael Apted,Gerard Butler
J.C. Chandor,David Oyelowo
David Cronenberg,Michael Fassbender
Todd Graff,Scott Porter
Uwe Boll,Catherine Lough Haggquist
Jonathan Glazer,Cameron Bright
Marc Abraham,Dylan Authors
Todd Haynes,Christian Bale
Mabrouk El Mechri,Henry Cavill
Rian Johnson,Zachary Gordon
Charlie Kaufman,Philip Seymour Hoffman
Jean-Paul Rappeneau,Isabelle Adjani
John Hillcoat,Ray Winstone
Richard Benjamin,Damon Wayans
Kurt Wimmer,Christian Bale
Kevin Munroe,Marco St. John
Matthew Diamond,Chazz Palminteri
Roger Spottiswoode,Radha Mitchell
James Gray,Charlize Theron
Andrew Jarecki,Ryan Gosling
Angelina Jolie Pitt,Brad Pitt
Katsuhiro Ôtomo,William Hootkins
David Anspaugh,Gerard Butler
Julie Taymor,Djimon Hounsou
Stephen Chow,Jiao Xu
Jean-Marie Poiré,Christian Clavier
Daniel Algrant,Al Pacino
Alejandro Amenábar,Emma Watson
Uli Edel,Moritz Bleibtreu
Lee Tamahori,Mem Ferda
Jake Kasdan,Justin Timberlake
Shawn Levy,Taran Killam
Tyler Perry,Eric Mendenhall
Mark Rosman,Dan Byrd
Steve Beck,Shannon Elizabeth
William Malone,Jeffrey Combs
Breck Eisner,Radha Mitchell
Anand Tucker,Adam Scott
Brian Percival,Emily Watson
Britt Allcroft,Mara Wilson
Michael Dowse,Topher Grace
Daniel Barnz,Holly Hunter
Robert Altman,Steve Buscemi
George A. Romero,Tony Nappo
Andrew Douglas,Jimmy Bennett
Spike Jonze,Nicolas Cage
Ricky Gervais,Jennifer Garner
Terry Gilliam,Johnny Depp
Nicholas Stoller,Craig Roberts
Robert Luketic,Linda Cardellini
Mark Waters,Tina Fey
Scott Derrickson,Tom Wilkinson
Mike Mitchell,Amy Poehler
Kevin Rodney Sullivan,Harry Lennix
Terry Zwigoff,Bernie Mac
Kirk Jones,Nia Vardalos
Jay Roach,Will Ferrell
David Bowers,Zachary Gordon
Nelson McCormick,Ming-Na Wen
Sean McNamara,Dennis Quaid
Audrey Wells,Raoul Bova
Alejandro G. Iñárritu,Emma Stone
Robert Altman,Kristin Scott Thomas
Woody Allen,Sally Hawkins
Paul Greengrass,Christian Clemenson
Bille Woodruff,Christian Monzon
Jessie Nelson,Olivia Wilde
Jody Hill,Collette Wolfe
Brandon Camp,Judy Greer
Kevin Tancharoen,Kelsey Grammer
Danny Boyle,James Franco
Woody Allen,Woody Allen
Nicholas Hytner,Amanda Schull
Bart Freundlich,Kristen Stewart
Irwin Winkler,Ian Somerhalder
Miguel Arteta,Steve Buscemi
Rob Reiner,Yaya DaCosta
Chris Columbus,Alan Ruck
John Boorman,Daniel Radcliffe
Jason Reitman,J.K. Simmons
Courtney Solomon,Rebecca Budig
Ang Lee,Joan Allen
István Szabó,Miriam Margolyes
Fabián Bielinsky,Ricardo Darín
Michael Hoffman,David Masterson
Guy Ritchie,Tom Hardy
Bruce Beresford,Bruce Greenwood
Jonathan Teplitzky,Jeremy Irvine
Jeff Nichols,Kirsten Dunst
Nimród Antal,James Hetfield
Woody Allen,Woody Allen
D.J. Caruso,Adam Goldberg
Gregor Jordan,Austin Nichols
Rodrigo Cortés,Robert De Niro
Greg Mottola,Emma Stone
Tyler Perry,Vanessa Ferlito
Jon M. Chu,Cassie Ventura
Cory Edwards,Anne Hathaway
Xavier Gens,Henry Ian Cusick
Terry George,Don Cheadle
Jay Chandrasekhar,Chris Moss
Kasi Lemmons,Jennifer Hudson
Matt Dillon,Kirk Fox
Alejandro Amenábar,Fionnula Flanagan
Luke Greenfield,Rob Riggle
Jim Gillespie,Muse Watson
Alexander Payne,Virginia Madsen
Malcolm D. Lee,Harold Perrineau
Jason Moore,Anna Kendrick
Fede Alvarez,Lou Taylor Pucci
Niki Caro,Morgan Saylor
Alexandre Aja,Dan Byrd
Michael Lehmann,Emmanuelle Vaugier
Joe Carnahan,Ryan Reynolds
John Fortenberry,Will Ferrell
Daniel Barnz,Alex Pettyfer
Erik White,Brandon T. Jackson
Sam Weisman,Kevin Grevioux
Michael Tollin,Marc Blucas
Sam Raimi,Gary Cole
Trent Cooper,Thomas F. Wilson
Gary Halvorson,Vanessa Williams
Donald Petrie,Nia Vardalos
Paul Weitz,Judy Greer
Ian Iqbal Rashid,DeRay Davis
Wayne Kramer,Paul Walker
Todd Lincoln,Julianna Guill
Rowdy Herrington,Aidan Quinn
Richard Kelly,Janeane Garofalo
Andrea Di Stefano,Josh Hutcherson
Cyrus Nowrasteh,Clive Russell
Steven Shainberg,Robert Downey Jr.
Julian Jarrold,Anne Hathaway
Vadim Perelman,Frances Fisher
Joe Nussbaum,Danny Strong
Todd Phillips,Ethan Suplee
Brian Robbins,Paul Walker
Wes Anderson,Bruce Willis
Michel Hazanavicius,Bérénice Bejo
David S. Goyer,Gary Oldman
David S. Goyer,Gary Oldman
Perry Andelin Blake,Jennifer Esposito
Jonathan Liebesman,Matt Bomer
Christian E. Christiansen,Leighton Meester
John Whitesell,Leslie Bibb
John Singleton,Mo'Nique
Dennie Gordon,Brittany Daniel
Diane English,Jada Pinkett Smith
Edgar Wright,Bill Bailey
Woody Allen,Scarlett Johansson
Allen Coulter,Robert Pattinson
Peter Kosminsky,Patrick Fugit
Karyn Kusama,J.K. Simmons
Nick Gomez,Will Ferrell
Clare Kilner,Dylan Baker
Jessy Terrero,Mo'Nique
Josef Rusnak,Gretchen Mol
Lance Rivera,Farrah Fawcett
Woody Allen,Woody Allen
Bruce Paltrow,Lochlyn Munro
Adam Rifkin,Natasha Lyonne
Susanne Bier,Alison Lohman
Tommy Lee Jones,Barry Corbin
James Gray,Jeremy Renner
Kenneth Johnson,Charles Napier
James Ivory,Vanessa Redgrave
Gaspar Noé,Paz de la Huerta
Vicente Amorim,Viggo Mortensen
Jesse Vaughan,Vivica A. Fox
Atom Egoyan,David Alpay
William Bindley,Bruce Dern
Udayan Prasad,Kristen Stewart
Gérard Krawczyk,Carole Bouquet
Tom Hooper,Colin Firth
Sam Mendes,Kevin Spacey
Ang Lee,Chen Chang
Wes Craven,David Arquette
Morten Tyldum,Benedict Cumberbatch
Andrés Muschietti,Javier Botet
Thor Freudenthal,Chloë Grace Moretz
Stephen Frears,Roger Allam
Tyler Perry,Michael Jai White
James Watkins,Daniel Radcliffe
Simon West,Madeline Carroll
Shawn Levy,Frankie Muniz
Shawn Levy,Frankie Muniz
James Mangold,Robert De Niro
Jim Fall,Clayton Snyder
Michael Dougherty,Adam Scott
David Ayer,Jake Gyllenhaal
Robert Rodriguez,Jordana Brewster
Joel Gallen,Chris Evans
Jean-Marc Vallée,Michiel Huisman
James Marsh,Eddie Redmayne
Nicolas Winding Refn,Ryan Gosling
Rob Cohen,Paul Walker
John Whitesell,Greg Grunberg
Phil Traill,Bradley Cooper
Matt Williams,Natalie Portman
Wayne Wang,Cicely Tyson
Rick Rosenthal,Jamie Lee Curtis
Denzel Washington,Denzel Washington
Thomas Carter,Jessie T. Usher
Sara Sugarman,Adam Garcia
Nicholas Hytner,Liam Aiken
Juan Carlos Fresnadillo,Jeremy Renner
George Armitage,Minnie Driver
Gina Prince-Bythewood,Alfre Woodard
Joe Berlinger,Kim Director
Paul Thomas Anderson,Don Cheadle
Elizabeth Allen Rosenbaum,Sierra McCormick
Roger Donaldson,Luke Bracey
John Ottman,Loretta Devine
Derek Cianfrance,Ryan Gosling
Michael Mayer,Alison Lohman
Martin Weisz,Jeff Kober
Peter Atencio,Nia Long
Shana Feste,Leighton Meester
Jay Russell,William Hurt
David Nutter,Bruce Greenwood
Joel Coen,Philip Seymour Hoffman
Anton Corbijn,Philip Seymour Hoffman
Kathryn Bigelow,Jeremy Renner
Stephan Elliott,Jason Priestley
RZA,Rick Yune
Andrew Dominik,Brad Pitt
Tom Green,Rip Torn
Lone Scherfig,Anne Hathaway
Irwin Winkler,Kevin McNally
Drew Barrymore,Daniel Stern
Mike Nawrocki,Yuri Lowenthal
Catherine Owens,Bono
Douglas Aarniokoski,Christopher Lambert
Bryan Barber,Cicely Tyson
James Foley,Louis Lombardi
Brian Koppelman,Vin Diesel
Steve Gomer,Trevor Morgan
Mark Piznarski,Bruce Greenwood
Sean McNamara,Oliver James
Ron Shelton,Khandi Alexander
Tina Gordon Chism,Tyler James Williams
Michael Winterbottom,Angelina Jolie Pitt
David Raynr,James Franco
Mort Nathan,Vivica A. Fox
Oliver Parker,Colin Firth
Wil Shriner,Logan Lerman
Martin McDonagh,Elizabeth Berrington
Gus Van Sant,Matt Damon
David Lynch,Naomi Watts
Peter Cattaneo,Emma Stone
Vicky Jenson,J.K. Simmons
Woody Allen,Larry David
Mary Lambert,Matthew Settle
Peter Kassovitz,Robin Williams
Shane Black,Robert Downey Jr.
Rodman Flender,Vivica A. Fox
Katja von Garnier,Olivier Martinez
Woody Allen,Anthony Hopkins
Mark Romanek,Andrew Garfield
Brad Anderson,Thomas Kretschmann
Antonio Banderas,Meat Loaf
Michael Haneke,Naomi Watts
Atom Egoyan,Bob Hoskins
Andrey Zvyagintsev,Konstantin Lavronenko
Gregor Jordan,Dean Stockwell
Neil Marshall,Michael Fassbender
Tony Jaa,Nirut Sirichanya
Ryûhei Kitamura,Bradley Cooper
Dito Montiel,Channing Tatum
Stefan Ruzowitzky,Eddie Izzard
Jake Paltrow,Stephen Graham
Gregory Jacobs,Matt Bomer
Lars von Trier,Bryce Dallas Howard
Danny Boyle,Anil Kapoor
Sylvain White,Chris Brown
Patrick Lussier,Jensen Ackles
Jamie Blanks,Alicia Witt
Bruce McCulloch,Will Ferrell
Phyllida Lloyd,Meryl Streep
Mike Nawrocki,Phil Vischer
Kevin Bray,Mike Epps
Rick Famuyiwa,America Ferrera
Courtney Solomon,Sissy Spacek
David Zucker,Carmen Electra
David Twohy,Chris Hemsworth
Tom Holland,Joe Mantegna
Alan Cohn,Alyson Hannigan
Franco Zeffirelli,Lily Tomlin
James Isaac,Peter Mensah
Chris Rock,Steve Buscemi
Steve Pink,Adam Scott
Emilio Estevez,Anthony Hopkins
Mark Waters,Monica Potter
Josh Schwartz,Thomas McDonell
Todd Field,Kate Winslet
Davis Guggenheim,Norman Reedus
Tony Goldwyn,Viggo Mortensen
Phillip Noyce,Derek Luke
Mike Leigh,Lesley Manville
Stephen Carpenter,Melissa Sagemiller
Stephan Elliott,Colin Firth
Rob Reiner,Madeline Carroll
Costa-Gavras,Sebastian Koch
Neil Burger,John Heard
Kenneth Lonergan,Matt Damon
Ang Lee,Jake Gyllenhaal
Todd Haynes,Dennis Quaid
Martin McDonagh,Abbie Cornish
Philip Kaufman,Kate Winslet
Oliver Hirschbiegel,Thomas Kretschmann
Kasi Lemmons,Colm Feore
Hyung-rae Shim,Jason Mewes
Jonathan Glazer,Scarlett Johansson
Sam Miller,Leslie Bibb
Darren Aronofsky,Natalie Portman
Thomas Carter,Sean Patrick Thomas
Jon M. Chu,Usher Raymond
Patricia Riggen,Jennifer Garner
Chris Koch,Chris Elliott
Jaume Collet-Serra,Óscar Jaenada
Steve Pink,Joe Lo Truglio
Danny Leiner,Jennifer Garner
Theodore Melfi,Bill Murray
Dave Green,Teo Halm
Gil Junger,Joseph Gordon-Levitt
Ed Decter,Zooey Deschanel
Bob Clark,Kathleen Turner
Kirk Wong,Bokeem Woodbine
Bronwen Hughes,Gregory Smith
Jon Lucas,Justin Chon
Alex Garland,Elina Alminas
Spike Jonze,Willie Garson
Mark Brown,Mo'Nique
Paul Weitz,Tina Fey
Stephen Chbosky,Logan Lerman
Mark Christopher,Salma Hayek
Lenny Abrahamson,Joan Allen
Clint Eastwood,Yuki Matsuzaki
Michael Polish,J.K. Simmons
Bob Saget,Don Rickles
Daisy von Scherler Mayer,LL Cool J
Andrew Fleming,Ryan Reynolds
Craig Bolotin,Rosario Dawson
Blair Hayes,Jake Gyllenhaal
Jez Butterworth,Mark Gatiss
Olivier Assayas,Steve Buscemi
Rod Lurie,Harry Lennix
Atom Egoyan,Liam Neeson
Patrice Leconte,Emir Kusturica
Glenn Ficarra,Dameon Clarke
Mark Neveldine,Djimon Hounsou
Sidney Lumet,Peter Dinklage
Douglas McGrath,Toby Jones
Joe Cornish,John Boyega
Michael Winterbottom,Milla Jovovich
Michael Winterbottom,Milla Jovovich
Angelina Jolie Pitt,Jelena Jovanova
Michael Winterbottom,Liam Aiken
Brad Anderson,Michael Imperioli
John H. Lee,Liam Neeson
John Stainton,Steve Irwin
Ethan Maniquis,Robert De Niro
Denzel Washington,Denzel Washington
Michael Hoffman,Gabriel Millman
Stewart Hendler,Julian Morris
Mark Herman,Richard Johnson
Craig Gillespie,Ryan Gosling
Brian Koppelman,Jenna Fischer
Lars von Trier,Catherine Deneuve
George Hickenlooper,Kevin Spacey
Gillian Armstrong,Tom Wilkinson
Abel Ferrara,Isabella Rossellini
Je-kyu Kang,Min-sik Choi
William Dear,Clifton Collins Jr.
Stéphane Aubier,Mackenzie Foy
Josh Boone,Shailene Woodley
Paul Weitz,Alyson Hannigan
Tim Story,Chris Brown
Randall Wallace,Jacob Vargas
Tim Story,Sean Patrick Thomas
Mike McCoy,Alex Veadov
Anne Fletcher,Channing Tatum
Josh Trank,Michael Kelly
Mike Judge,Bruce Willis
Nima Nourizadeh,Dax Flame
Jon Hurwitz,Danneel Ackles
Stephen Frears,Steve Coogan
Jake Schreier,Nat Wolff
John Erick Dowdle,Andrew Fiscella
Mark Romanek,Robin Williams
David Moreau,Chloë Grace Moretz
Christopher Erskin,Vanessa Williams
Jesse Dylan,Hector Elizondo
Mark Neveldine,Jason Statham
Julie Taymor,Salma Hayek
Dan Cutforth,Lexie Contursi
John Dahl,Matt Damon
Dean Israelite,Gary Weeks
Sanaa Hamri,Common
David Koepp,Illeana Douglas
Mike Binder,Alicia Witt
Alexander Payne,Devin Ratray
Cheryl Dunye,Michael Imperioli
Tim Hill,Noel Fisher
Jason Reitman,Charlize Theron
Richard Curtis,Tom Hughes
Richard LaGravenese,Holly Hunter
Jonathan Demme,Anne Hathaway
Peter Webber,Scarlett Johansson
Yimou Zhang,Takeshi Kaneshiro
Wallace Wolodarsky,Heather Matarazzo
Darnell Martin,Cedric the Entertainer
Nicholas Jarecki,Nate Parker
Scott Alexander,Sarah Silverman
Ryan Murphy,Jill Clayburgh
Christopher Guest,John Michael Higgins
Woody Allen,Melanie Griffith
Robert Iscove,Anika Noni Rose
Jane Campion,Jennifer Jason Leigh
Jon Poll,Robert Downey Jr.
James Gray,Isabella Rossellini
Fred Schepisi,Bob Hoskins
Antonia Bird,Jeremy Davies
Peter Care,Kieran Culkin
Chan-wook Park,Mia Wasikowska
Ira Sachs,David Richmond-Peck
Kar-Wai Wong,Li Gong
Carroll Ballard,Eamonn Walker
Lawrence Kasdan,Dianne Wiest
Neil Jordan,Tony Curran
Takeshi Kitano,Omar Epps
Anthony Russo,Michael Jeter
Vadim Perelman,Eva Amurri Martino
Sidney Lumet,Kyra Sedgwick
Marco Kreuzpaintner,Zack Ward
Alan Rudolph,Bruce Willis
Stephen Daldry,Wagner Moura
Renny Harlin,Richard Coyle
Timothy Hines,Christopher Lambert
Dan Mazer,Robert De Niro
David O. Russell,Christian Bale
Kenny Ortega,Lucas Grabeel
Jeff Tremaine,Bam Margera
R.J. Cutler,Chloë Grace Moretz
Joel Schumacher,Radha Mitchell
Adam Shankman,Lauren German
John Crowley,Julie Walters
Roger Kumble,Sarah Michelle Gellar
Gina Prince-Bythewood,Nate Parker
Simon Curtis,Ryan Reynolds
Kevin Greutert,Costas Mandylor
Rob Pritts,Vincent Pastore
Dustin Hoffman,Luke Newberry
Brendan Malloy,Lee Majors
Reginald Hudlin,Will Ferrell
Gregory Poirier,Shannon Elizabeth
Ethan Coen,Justin Timberlake
Bill Paxton,Matthew McConaughey
Bill Condon,Liam Neeson
Dewey Nicks,Jaime King
Philip Saville,Henry Ian Cusick
Mike Leigh,Eddie Marsan
Daisy von Scherler Mayer,Michael McKean
John Turturro,Kate Winslet
Agnieszka Holland,Phyllida Law
Ray Lawrence,John Howard
Ruairi Robinson,Romola Garai
Jon Kasdan,Kristen Stewart
Sajid Khan,Arjun Rampal
Christopher Cain,Jon Gries
